id,internalId,section,topicCode,topicName,difficulty,questionText,optionA,optionB,optionC,optionD,optionE,optionF,optionG,optionH,correctAnswer,answerIndex,workedSolution,markSchemeNotes,quickestMethod,commonTrap,tags,status,displayMode,sourceExam,sourceYear,sourcePaper,sourceSection,sourceQuestionNumber,sourcePage,originalReference,hasImage,imagePath,imageAlt,diagramType,imageStatus,solutionPath,reviewNotes
ENGAA_2016_P1_Q01,ENGAA_2016_P1_Q01,maths1,ALG-INEQ,Inequalities,2,"Find the complete set of solutions to

\frac{x}{2} - 6 < 8",\(x < 4\),\(x > 4\),\(x < 20\),\(x > 20\),\(x < 22\),\(x > 22\),\(x < 28\),\(x > 28\),G,6,"Add 6 to both sides to get \(\frac{x}{2} < 14\), then multiply by \(2\) to get \(x < 28\).",Answer key gives G.,"Move the constant first: \(\frac{x}{2} < 14\), so \(x < 28\).",Multiplying only one side by \(2\) or treating \(\frac{x}{2}\) as \(2x\). The inequality sign does not reverse because the multiplication is by positive \(2\).,inequalities|linear inequalities|algebra,ready,simple-html,ENGAA,2016,P1,Part A Mathematics and Physics,1,4,ENGAA 2016 P1 Q01,no,,,,not-needed,solutions/ENGAA/2016/P1/ENGAA_2016_P1_Q01.md,
ENGAA_2016_P1_Q02,ENGAA_2016_P1_Q02,physics,NUC,Nuclear Physics,2,"A nuclide \(\nuclide{214}{82}{Pb}\) changes by radioactive decay into the nuclide \(\nuclide{210}{82}{Pb}\).

Which combination of emissions produces this change?",\(3\alpha\),\(2\alpha\) and \(1\beta\),\(2\alpha\) and \(2\beta\),\(1\alpha\) and \(2\beta\),\(3\beta\),,,,D,3,"The mass number falls by \(4\) while the atomic number is unchanged. One alpha emission changes \(A\) by \(-4\) and \(Z\) by \(-2\); two beta-minus emissions then increase \(Z\) by \(2\), restoring the atomic number to \(82\).",Answer key gives D.,Match mass first: a drop of 4 means one alpha. Then restore proton number with two beta-minus decays.,Counting only the mass change and forgetting that alpha decay also changes the atomic number.,radioactive decay|alpha decay|beta decay|nuclear physics,ready,simple-html,ENGAA,2016,P1,Part A Mathematics and Physics,2,4,ENGAA 2016 P1 Q02,no,,,,not-needed,solutions/ENGAA/2016/P1/ENGAA_2016_P1_Q02.md,
ENGAA_2016_P1_Q03,ENGAA_2016_P1_Q03,maths1,SURD,Surds,2,"Which one of the following is a simplification of the following expression?

(\sqrt{3} - \sqrt{2})^{2}",\(1 - 2\sqrt{6}\),\(5 - 2\sqrt{6}\),\(2\sqrt{3} - 2\sqrt{2}\),\(1\),\(5 - 2\sqrt{3}\),\(13 - 2\sqrt{6}\),\(5 + 2\sqrt{6}\),\(5\sqrt{6}\),B,1,Use \((a - b)^{2} = a^{2} - 2ab + b^{2}\). This gives \(3 - 2\sqrt{6} + 2 = 5 - 2\sqrt{6}\).,Answer key gives B.,Square the surds separately and remember the cross term is \(-2\sqrt{3}\sqrt{2} = -2\sqrt{6}\).,Dropping the cross term or simplifying \(\sqrt{3}\sqrt{2}\) incorrectly.,surds|expanding brackets|algebra,ready,simple-html,ENGAA,2016,P1,Part A Mathematics and Physics,3,5,ENGAA 2016 P1 Q03,no,,,,not-needed,solutions/ENGAA/2016/P1/ENGAA_2016_P1_Q03.md,
ENGAA_2016_P1_Q04,ENGAA_2016_P1_Q04,physics,MECH-GRAPH,Mechanics Graphs,3,"The graph shown of quantity \(y\) against quantity \(x\) represents the motion of a body.

(The scales on both axes are in the appropriate S.I. units, and the gravitational field strength is \(g = 10\,\mathrm{N\,kg^{-1}}\).)

Which two of the following could the graph represent?

1  kinetic energy against velocity for an object of mass \(10\,\mathrm{kg}\) undergoing free-fall

2  potential energy against height for an object of mass \(20\,\mathrm{kg}\) being lifted by a constant external force

3  velocity against time for an object of mass \(20\,\mathrm{kg}\) being accelerated by a resultant force of \(100\,\mathrm{N}\)

4  work done by an external force of \(5\,\mathrm{N}\) against distance moved for an object of mass \(12\,\mathrm{kg}\) being moved at constant speed by (and in the direction of) the external force",1 and 2,1 and 3,1 and 4,2 and 3,2 and 4,3 and 4,,,F,5,"The graph is a straight line through the origin with gradient \(\frac{10}{2} = 5\). Kinetic energy varies with \(v^{2}\), so statement 1 is not linear. Potential energy \(mgh\) for \(m = 20\) has gradient \(200\), so statement 2 is not this graph. For statement 3, \(a = \frac{F}{m} = \frac{100}{20} = 5\), so \(v = 5t\). For statement 4, \(W = Fs = 5s\). Therefore statements 3 and 4 match.",Answer key gives F.,"Find the gradient, 5, then test each proposed relation for linearity and gradient.",Accepting any straight-line proportionality without checking the actual gradient or forgetting kinetic energy is proportional to \(v^{2}\).,graphs|mechanics|work|acceleration,ready,simple-html,ENGAA,2016,P1,Part A Mathematics and Physics,4,6,ENGAA 2016 P1 Q04,yes,assets/question-images/ENGAA_2016_P1_Q04_graph.svg,"Graph of y against x with axes labelled x and y, a line through the origin, and dashed guide lines showing x = 2.0 and y = 10.",graph,ready-svg-fallback,solutions/ENGAA/2016/P1/ENGAA_2016_P1_Q04.md,
ENGAA_2016_P1_Q05,ENGAA_2016_P1_Q05,maths1,RATIO,Ratio,2,"The ratio of \(Q:R\) is \(5:2\) and the ratio of \(R:S\) is \(3:10\).

Which one of the following gives the ratio \(Q:S\) in its simplest form?",\(1:2\),\(2:1\),\(3:4\),\(3:25\),\(4:3\),\(25:3\),,,C,2,"Make the \(R\) parts match. \(Q:R = 5:2\) is equivalent to \(15:6\), and \(R:S = 3:10\) is equivalent to \(6:20\). Therefore \(Q:S = 15:20 = 3:4\).",Answer key gives C.,"Scale both ratios so \(R\) is \(6\), then compare \(Q\) and \(S\) directly.",Multiplying the visible \(Q\) and \(S\) numbers without matching the shared \(R\) term first.,ratio|proportion,ready,simple-html,ENGAA,2016,P1,Part A Mathematics and Physics,5,7,ENGAA 2016 P1 Q05,no,,,,not-needed,solutions/ENGAA/2016/P1/ENGAA_2016_P1_Q05.md,
ENGAA_2016_P1_Q06,ENGAA_2016_P1_Q06,physics,NUC-FISSION,Nuclear Fission,3,"A uranium-235 nucleus can undergo fission to produce two smaller nuclei.

Which of the diagrams, if any, could represent this process?",none of them,1 only,2 only,3 only,1 and 2 only,1 and 3 only,2 and 3 only,"1, 2 and 3",C,2,"Check conservation of nucleon number and proton number. Diagram 2 balances: \(235 + 1 = 96 + 137 + 3\) and \(92 = 38 + 54\). The other diagrams do not conserve the required totals, so only diagram 2 is possible.",Answer key gives C.,"For each diagram, add mass numbers and atomic numbers on both sides. Reject any diagram where either total changes.","Checking mass number only and not checking proton number, or missing emitted neutrons.",nuclear fission|conservation|nuclear physics,ready,simple-html,ENGAA,2016,P1,Part A Mathematics and Physics,6,8,ENGAA 2016 P1 Q06,yes,assets/question-images/ENGAA_2016_P1_Q06_fission-diagrams.svg,"Three fission diagrams labelled diagram 1, diagram 2 and diagram 3, each showing an incoming particle or neutron striking uranium-235 and arrows to daughter nuclei plus emitted neutrons.",nuclear diagram,ready-svg-fallback,solutions/ENGAA/2016/P1/ENGAA_2016_P1_Q06.md,
ENGAA_2016_P1_Q07,ENGAA_2016_P1_Q07,maths1,STAT-MEAN,Averages,2,"The mean age of the twenty members of a running club is exactly 28.

The mean age increases by exactly 2 years when two new members join.

What is the mean age of the two new members?",20 years,22 years,30 years,40 years,50 years,52 years,,,E,4,"The original total age is \(20 \times 28 = 560\). With \(22\) members the new mean is \(30\), so the new total is \(22 \times 30 = 660\). The two new members therefore total \(100\) years, giving a mean of \(50\) years.",Answer key gives E.,Compare total ages before and after: \(660 - 560 = 100\) for two people.,"Adding 2 years to 28 and assuming the new members average 30, which ignores the existing 20 members.",mean|averages|statistics,ready,simple-html,ENGAA,2016,P1,Part A Mathematics and Physics,7,9,ENGAA 2016 P1 Q07,no,,,,not-needed,solutions/ENGAA/2016/P1/ENGAA_2016_P1_Q07.md,
ENGAA_2016_P1_Q08,ENGAA_2016_P1_Q08,physics,ELEC-POWER,Electricity,3,"A circuit consists of a \(5.0\,\Omega\) resistor and a variable resistor connected in series with a \(24\,\mathrm{V}\) battery.

The variable resistor has a minimum resistance of \(3.0\,\Omega\) and a maximum resistance of \(15\,\Omega\). The battery and the connecting wires have negligible resistance.

What is the maximum power dissipated in the \(5.0\,\Omega\) resistor?","\(7.2\,\mathrm{W}\)","\(18\,\mathrm{W}\)","\(27\,\mathrm{W}\)","\(45\,\mathrm{W}\)","\(72\,\mathrm{W}\)","\(75\,\mathrm{W}\)",,,D,3,"Power in the fixed resistor is \(P = I^{2}R\). The current is largest when the variable resistor is at its minimum value, so total resistance is \(5.0 + 3.0 = 8.0\,\Omega\). The current is \(I = \frac{24}{8} = 3.0\,\mathrm{A}\), and the fixed-resistor power is \(3.0^{2} \times 5.0 = 45\,\mathrm{W}\).",Answer key gives D.,"Use the minimum total resistance to maximise current, then apply \(P = I^{2}R\) to the \(5\,\Omega\) resistor.","Using \(P = \frac{V^{2}}{R}\) with the full \(24\,\mathrm{V}\) across the \(5\,\Omega\) resistor; the battery voltage is across both series resistors.",electric circuits|power|resistance|series circuits,ready,simple-html,ENGAA,2016,P1,Part A Mathematics and Physics,8,9,ENGAA 2016 P1 Q08,no,,,,not-needed,solutions/ENGAA/2016/P1/ENGAA_2016_P1_Q08.md,
ENGAA_2016_P1_Q09,ENGAA_2016_P1_Q09,maths1,PERCENT,Percentages,2,"A medical scanner is bought for £15 000.

The value of the scanner depreciates by 20% every year.

By how much has the scanner reduced in value after 2 years?",£600,£3000,£5400,£6000,£9000,£9600,£12 000,,C,2,"After one year the value is 80% of £15 000, and after two years it is \(0.8^{2} \times 15000 = 9600\), so the value is £9600. The reduction is \(15000 - 9600 = 5400\), so it is £5400.",Answer key gives C.,"Use the multiplier 0.8 twice, then subtract the remaining value from the original price.","Subtracting 40% of the original price; successive 20% decreases compound, so the second decrease is 20% of the reduced value.",percentages|depreciation|multipliers,ready,simple-html,ENGAA,2016,P1,Part A Mathematics and Physics,9,10,ENGAA 2016 P1 Q09,no,,,,not-needed,solutions/ENGAA/2016/P1/ENGAA_2016_P1_Q09.md,
ENGAA_2016_P1_Q10,ENGAA_2016_P1_Q10,physics,ASTRO-RADIATION,Radiation and Proportionality,3,"The total power \(P\) radiated by a star is given by:

P = kR^{2}T^{4}

where \(R\) is the radius of the star, \(T\) is its surface temperature and \(k\) is a constant.

The power currently radiated by the Sun is \(4.0 \times 10^{26}\,\mathrm{W}\). Towards the end of the Sun’s life its radius will increase by a factor of a hundred and its surface temperature will decrease by a factor of two.

What will be the power radiated by the Sun when these changes have occurred?","\(2.5 \times 10^{27}\,\mathrm{W}\)","\(1.0 \times 10^{28}\,\mathrm{W}\)","\(2.0 \times 10^{28}\,\mathrm{W}\)","\(2.5 \times 10^{29}\,\mathrm{W}\)","\(1.0 \times 10^{30}\,\mathrm{W}\)","\(2.0 \times 10^{30}\,\mathrm{W}\)","\(2.5 \times 10^{33}\,\mathrm{W}\)","\(1.0 \times 10^{34}\,\mathrm{W}\)",D,3,"The radius factor contributes \(100^{2} = 10\,000\). The temperature factor contributes \((\frac{1}{2})^{4} = \frac{1}{16}\). The net factor is \(\frac{10\,000}{16} = 625\). Therefore the new power is \(4.0 \times 10^{26} \times 625 = 2.5 \times 10^{29}\,\mathrm{W}\).",Answer key gives D.,"Compute the proportional change only: \(\frac{100^{2}}{2^{4}} = 625\), then multiply \(4.0 \times 10^{26}\) by \(625\).","Forgetting that temperature is raised to the fourth power, or applying the radius factor only once instead of squaring it.",proportionality|powers|radiation|astrophysics,ready,simple-html,ENGAA,2016,P1,Part A Mathematics and Physics,10,10,ENGAA 2016 P1 Q10,no,,,,not-needed,solutions/ENGAA/2016/P1/ENGAA_2016_P1_Q10.md,
ENGAA_2016_P1_Q11,ENGAA_2016_P1_Q11,maths1,GEOM-BEARING,Bearings and Trigonometry,3,"The point \(A\) is \(4\text{ km}\) due East of the point \(B\).

The bearing of the point \(C\) from \(A\) is \(330^{\circ}\) and the bearing of \(C\) from \(B\) is \(060^{\circ}\).

Find the distance \(BC\).",\(2\text{ km}\),\(2\sqrt{3}\text{ km}\),\(4\text{ km}\),\(2\sqrt{5}\text{ km}\),\(4\sqrt{2}\text{ km}\),,,,B,1,The bearings form a triangle in which the horizontal separation \(AB\) is \(4\text{ km}\). Resolving the geometry gives \(BC = 4\cos 30^{\circ} = 2\sqrt{3}\text{ km}\).,Answer key gives B.,"Draw the bearings from A and B, then use the 30 degree right-triangle relationship.",Using the bearing angles directly as interior angles without first drawing the north lines.,bearings|trigonometry|geometry,ready,simple-html,ENGAA,2016,P1,Part A Mathematics and Physics,11,11,ENGAA 2016 P1 Q11,no,,,,not-needed,solutions/ENGAA/2016/P1/ENGAA_2016_P1_Q11.md,
ENGAA_2016_P1_Q12,ENGAA_2016_P1_Q12,physics,WAVES,Wave Motion,2,"A transverse wave travelling through a medium has a frequency of \(5.0\text{ Hz}\), a wavelength of \(4.0\text{ cm}\) and an amplitude of \(3.0\text{ cm}\).

What is the total distance travelled by a particle of the medium in one minute?",\(900\text{ cm}\),\(1200\text{ cm}\),\(1800\text{ cm}\),\(2400\text{ cm}\),\(3600\text{ cm}\),\(4800\text{ cm}\),,,E,4,"In one complete oscillation the particle travels four amplitudes, so it travels \(4 \times 3.0 = 12\text{ cm}\). In \(60\text{ s}\) at \(5.0\text{ Hz}\), it completes \(300\) oscillations. The total distance is \(300 \times 12 = 3600\text{ cm}\).",Answer key gives E.,"Use distance per cycle \(=4A\), then multiply by the number of cycles.",Using the wavelength instead of the amplitude for the particle's motion.,waves|frequency|amplitude,ready,simple-html,ENGAA,2016,P1,Part A Mathematics and Physics,12,11,ENGAA 2016 P1 Q12,no,,,,not-needed,solutions/ENGAA/2016/P1/ENGAA_2016_P1_Q12.md,
ENGAA_2016_P1_Q13,ENGAA_2016_P1_Q13,maths1,PROP-INVERSE,Inverse Proportion,3,"The quantities \(x\) and \(y\) are positive.

\(x\) is inversely proportional to the square root of \(y\).

When \(x = 8\), \(y = 9\).

What is the value of \(y\) when \(x = 6\)?",\(\frac{3}{2}\),\(2\),\(\frac{81}{16}\),\(\frac{27}{14}\),\(12\),\(16\),,,F,5,"Since \(x \propto \frac{1}{\sqrt{y}}\), \(x\sqrt{y}=k\). With \(x=8\) and \(y=9\), \(k=24\). When \(x=6\), \(6\sqrt{y}=24\), so \(\sqrt{y}=4\) and \(y=16\).",Answer key gives F.,Keep \(x\sqrt{y}\) constant.,Treating inverse square-root proportionality as inverse-square proportionality.,proportion|inverse proportion|surds,ready,simple-html,ENGAA,2016,P1,Part A Mathematics and Physics,13,12,ENGAA 2016 P1 Q13,no,,,,not-needed,solutions/ENGAA/2016/P1/ENGAA_2016_P1_Q13.md,
ENGAA_2016_P1_Q14,ENGAA_2016_P1_Q14,physics,MECH-PULLEY,Forces and Pulleys,4,"A motor is used to lift a mass of \(5.0\text{ kg}\) using a pulley system as shown in the diagram. The pulley is secured to the roof using a coupling.

The motor needs to cause the mass to accelerate upwards at \(0.80\text{ m s}^{-2}\).

What is the minimum tension force that the coupling must be able to withstand without breaking?

(The gravitational field strength \(g\) is \(10\text{ N kg}^{-1}\). The pulley system is frictionless and has negligible mass. The rope has negligible mass and is inextensible.)",\(4.0\text{ N}\),\(8.0\text{ N}\),\(46\text{ N}\),\(50\text{ N}\),\(54\text{ N}\),\(92\text{ N}\),\(104\text{ N}\),\(108\text{ N}\),H,7,"For the mass, \(T - 50 = 5.0 \times 0.80\), so \(T = 54\text{ N}\). The pulley is pulled down by two rope tensions, so the coupling must withstand \(2T = 108\text{ N}\).",Answer key gives H.,"Find the rope tension for the accelerating mass, then double it for the force on the pulley support.","Choosing \(54\text{ N}\), which is the rope tension but not the total force on the coupling.",forces|pulleys|newton second law,ready,simple-html,ENGAA,2016,P1,Part A Mathematics and Physics,14,13,ENGAA 2016 P1 Q14,yes,assets/question-images/ENGAA_2016_P1_Q14_pulley.png,"Pulley system with coupling, rope, motor force and a 5.0 kg mass.",pulley diagram,ready,solutions/ENGAA/2016/P1/ENGAA_2016_P1_Q14.md,
ENGAA_2016_P1_Q15,ENGAA_2016_P1_Q15,maths1,GEOM-AREA,Area and Quadratics,3,"In a trapezium \(PQRS\), the parallel sides are \(PQ\) and \(RS\).

\(PQ=(x-1)\text{ cm}\), \(RS=(x+5)\text{ cm}\) and the vertical height \(QR=x\text{ cm}\).

The area of the trapezium is \(120\text{ cm}^{2}\).

What is the length of \(RS\)?",\(9\text{ cm}\),\(10\text{ cm}\),\(11\text{ cm}\),\(12\text{ cm}\),\(15\text{ cm}\),\(17\text{ cm}\),,,E,4,"The area is \(\frac{1}{2}[(x-1)+(x+5)]x = 120\). This gives \(x^{2}+2x-120=0\), so \((x+12)(x-10)=0\). The positive value is \(x=10\), hence \(RS=x+5=15\text{ cm}\).",Answer key gives E.,Use the trapezium area formula and reject the negative root.,Solving for \(x\) but forgetting that the question asks for \(RS=x+5\).,area|quadratics|geometry,ready,simple-html,ENGAA,2016,P1,Part A Mathematics and Physics,15,14,ENGAA 2016 P1 Q15,yes,assets/question-images/ENGAA_2016_P1_Q15_trapezium.png,"Trapezium PQRS with parallel sides PQ and RS, labelled side lengths and vertical height.",geometry diagram,ready,solutions/ENGAA/2016/P1/ENGAA_2016_P1_Q15.md,
ENGAA_2016_P1_Q16,ENGAA_2016_P1_Q16,physics,ELEC-CIRCUITS,Circuits and Energy,3,"A heater is connected in series with a resistor and a \(6.0\text{ V}\) battery in the circuit shown.

The total resistance of the circuit is \(15\Omega\). In \(3.0\) minutes, \(180\text{ J}\) of electrical energy is transferred into other forms in the heater.

How much charge flows through the heater in the \(3.0\) minutes and what is the voltage across the heater?","\(1.2\text{ C}\), \(150\text{ V}\)","\(1.2\text{ C}\), \(216\text{ V}\)","\(7.5\text{ C}\), \(0.041\text{ V}\)","\(7.5\text{ C}\), \(24\text{ V}\)","\(72\text{ C}\), \(0.40\text{ V}\)","\(72\text{ C}\), \(2.5\text{ V}\)","\(450\text{ C}\), \(0.40\text{ V}\)","\(450\text{ C}\), \(2.5\text{ V}\)",F,5,"The current is \(I=\frac{V}{R}=\frac{6.0}{15}=0.40\text{ A}\). Over \(3.0\) minutes, \(t=180\text{ s}\), so \(Q=It=0.40\times180=72\text{ C}\). For the heater, \(V=\frac{W}{Q}=\frac{180}{72}=2.5\text{ V}\).",Answer key gives F.,"Use the total resistance to find current, then use the heater energy to find the heater voltage.",Using the full \(6.0\text{ V}\) battery voltage as the heater voltage.,circuits|charge|electrical energy,ready,simple-html,ENGAA,2016,P1,Part A Mathematics and Physics,16,15,ENGAA 2016 P1 Q16,yes,assets/question-images/ENGAA_2016_P1_Q16_circuit.png,"Circuit with a 6.0 V battery, resistor and heater connected in series.",circuit diagram,ready,solutions/ENGAA/2016/P1/ENGAA_2016_P1_Q16.md,
ENGAA_2016_P1_Q17,ENGAA_2016_P1_Q17,maths1,ALG-REARRANGE,Rearranging Formulae,4,"Make \(b\) the subject of the formula:

\[a=\frac{b^{2}+2}{3b^{2}-1}\]",\(b=\pm\sqrt{\frac{a+2}{3a+1}}\),\(b=\pm\sqrt{\frac{a+2}{3a-1}}\),\(b=\pm\sqrt{\frac{2-a}{3a+1}}\),\(b=\pm\sqrt{\frac{2-a}{3a-1}}\),\(b=\pm\sqrt{\frac{3}{3a+1}}\),\(b=\pm\sqrt{\frac{3}{3a-1}}\),,,B,1,"Start with \(a(3b^{2}-1)=b^{2}+2\). Then \(3ab^{2}-a=b^{2}+2\), so \((3a-1)b^{2}=a+2\). Therefore \(b=\pm\sqrt{\frac{a+2}{3a-1}}\).",Answer key gives B.,Collect the \(b^{2}\) terms before taking the square root.,Dropping the \(\pm\) when taking the square root.,rearranging formulae|algebra|fractions,ready,simple-html,ENGAA,2016,P1,Part A Mathematics and Physics,17,16,ENGAA 2016 P1 Q17,no,,,,not-needed,solutions/ENGAA/2016/P1/ENGAA_2016_P1_Q17.md,
ENGAA_2016_P1_Q18,ENGAA_2016_P1_Q18,physics,DENSITY,Density,3,"A cubic block has a hole through it with a square cross-section. The dimensions are shown on the diagram. The weight of the block is \(30\text{ N}\).

What is the density of the material from which the block is made?

(The gravitational field strength \(g\) is \(10\text{ N kg}^{-1}\).)",\(0.30\text{ g cm}^{-3}\),\(0.40\text{ g cm}^{-3}\),\(0.60\text{ g cm}^{-3}\),\(1.2\text{ g cm}^{-3}\),\(3.0\text{ g cm}^{-3}\),\(4.0\text{ g cm}^{-3}\),\(6.0\text{ g cm}^{-3}\),\(12\text{ g cm}^{-3}\),F,5,The mass is \(\frac{30}{10}=3\text{ kg}=3000\text{ g}\). The material volume is \(10^{3}-(5.0^{2}\times10)=1000-250=750\text{ cm}^{3}\). The density is \(\frac{3000}{750}=4.0\text{ g cm}^{-3}\).,Answer key gives F.,"Convert weight to mass, subtract the volume of the square hole, then use density = mass/volume.",Using the full cube volume and forgetting to subtract the hole.,density|volume|weight,ready,simple-html,ENGAA,2016,P1,Part A Mathematics and Physics,18,17,ENGAA 2016 P1 Q18,yes,assets/question-images/ENGAA_2016_P1_Q18_cube-hole.png,"Cubic block with a square hole through it, showing the cube and hole dimensions.",solid geometry diagram,ready,solutions/ENGAA/2016/P1/ENGAA_2016_P1_Q18.md,
ENGAA_2016_P1_Q19,ENGAA_2016_P1_Q19,maths1,GEOM-VOLUME,Cylinder Volume,4,"A thin rectangular sheet of metal \(10\text{ m}\) by \(5\text{ m}\) is made into an open ended cylinder by joining the edges \(PS\) and \(QR\).

The height of the cylinder is \(10\text{ m}\).

What is the volume, in cubic metres, enclosed by this cylinder?",\(\frac{5}{2\pi}\),\(\frac{25}{4\pi}\),\(\frac{125}{2\pi}\),\(62.5\pi\),\(\frac{125}{\pi}\),\(250\pi\),,,C,2,"The joined edges make the circumference \(5\text{ m}\), so \(2\pi r=5\) and \(r=\frac{5}{2\pi}\). The height is \(10\text{ m}\). Thus \(V=\pi r^{2}h=\pi\left(\frac{5}{2\pi}\right)^{2}10=\frac{125}{2\pi}\).",Answer key gives C.,"Identify the circumference as \(5\text{ m}\), not \(10\text{ m}\), then use \(V=\pi r^{2}h\).","Using the sheet height as the circumference, or forgetting to square the radius.",volume|cylinders|geometry,ready,simple-html,ENGAA,2016,P1,Part A Mathematics and Physics,19,18,ENGAA 2016 P1 Q19,yes,assets/question-images/ENGAA_2016_P1_Q19_cylinder-sheet.png,Rectangular metal sheet labelled PQRS being joined into an open-ended cylinder.,geometry transformation diagram,ready,solutions/ENGAA/2016/P1/ENGAA_2016_P1_Q19.md,
ENGAA_2016_P1_Q20,ENGAA_2016_P1_Q20,physics,THERMAL-RADIATION,Thermal Energy Transfer,3,"The diagram shows four solid steel balls \(P\), \(Q\), \(R\) and \(S\) which are of identical size.

Balls \(P\) and \(R\) have shiny surfaces. Balls \(Q\) and \(S\) have dull surfaces.

Balls \(P\) and \(Q\) are in a room at \(20^{\circ}\text{C}\). Balls \(R\) and \(S\) are in a room at \(40^{\circ}\text{C}\).

The temperature of each ball at a given moment in time is shown on the diagram.

Which two balls lose thermal energy by convection, and which ball emits thermal radiation at the greatest rate?",P and Q; P,P and Q; Q,P and Q; R,P and Q; S,R and S; P,R and S; Q,R and S; R,R and S; S,D,3,"Balls \(P\) and \(Q\) are warmer than their \(20^{\circ}\text{C}\) surroundings, so they lose thermal energy by convection. Ball \(S\) emits thermal radiation at the greatest rate because it is hot and has a dull surface.",Answer key gives D.,"Compare each ball with its room temperature for convection, then choose the hotter dull surface for radiation.",Assuming the balls in the hotter room must be losing heat by convection even though they are at the same temperature as the room.,thermal physics|convection|radiation,ready,simple-html,ENGAA,2016,P1,Part A Mathematics and Physics,20,19,ENGAA 2016 P1 Q20,yes,assets/question-images/ENGAA_2016_P1_Q20_thermal-balls.png,"Four steel balls in two rooms, showing ball labels, surface types and temperatures.",thermal diagram and option table,ready,solutions/ENGAA/2016/P1/ENGAA_2016_P1_Q20.md,
ENGAA_2016_P1_Q21,ENGAA_2016_P1_Q21,maths1,ALG-FRACTIONS,Algebraic Fractions,3,"Which one of the following is a simplification of

\[4 + \frac{4 - x^{2}}{x^{2}-2x}\]","\(3-\frac{2}{x}\)","\(3+\frac{2}{x}\)","\(4-\frac{2}{x}\)","\(4+\frac{2}{x}\)","\(5-\frac{2}{x}\)","\(5+\frac{2}{x}\)",,,A,0,"Factor the fraction: \(4-x^{2}=(2+x)(2-x)\) and \(x^{2}-2x=x(x-2)=-x(2-x)\). The fraction becomes \(-\frac{x+2}{x}\), so the expression is \(4-1-\frac{2}{x}=3-\frac{2}{x}\).",Answer key gives A.,"Rewrite the denominator as \(-x(2-x)\), cancel \((2-x)\), then combine with the 4.",Cancelling signs incorrectly after factoring \(x^{2}-2x\).,algebra|fractions|simplification,ready,simple-html,ENGAA,2016,P1,Part B Advanced Mathematics and Advanced Physics,21,20,ENGAA 2016 P1 Q21,no,,,,not-needed,solutions/ENGAA/2016/P1/ENGAA_2016_P1_Q21.md,
ENGAA_2016_P1_Q22,ENGAA_2016_P1_Q22,physics,KINEMATICS-GRAPHS,Velocity-Time Graphs,4,"The diagram shows the velocity-time graph for an object travelling in a straight line over a period of \(30\text{ s}\).

What total distance did the object travel in the \(30\text{ s}\), how far from its starting position was it at the end of the \(30\text{ s}\), and what was its average speed over the \(30\text{ s}\)?","\(90\text{ m}\); \(70\text{ m}\); \(3.0\text{ m s}^{-1}\)","\(90\text{ m}\); \(70\text{ m}\); \(5.0\text{ m s}^{-1}\)","\(90\text{ m}\); \(90\text{ m}\); \(3.0\text{ m s}^{-1}\)","\(90\text{ m}\); \(90\text{ m}\); \(5.0\text{ m s}^{-1}\)","\(180\text{ m}\); \(140\text{ m}\); \(5.0\text{ m s}^{-1}\)","\(180\text{ m}\); \(140\text{ m}\); \(6.0\text{ m s}^{-1}\)","\(180\text{ m}\); \(180\text{ m}\); \(5.0\text{ m s}^{-1}\)","\(180\text{ m}\); \(180\text{ m}\); \(6.0\text{ m s}^{-1}\)",A,0,"The total distance is the area under the speed-time graph: \(\frac{1}{2}\times20\times8 + \frac{1}{2}\times10\times2 = 90\text{ m}\). The displacement is \(80\text{ m}\) forwards minus \(10\text{ m}\) backwards, so \(70\text{ m}\). The average speed is \(\frac{90}{30}=3.0\text{ m s}^{-1}\).",Answer key gives A.,"Use graph area for total distance, signed area for displacement, then divide distance by time for average speed.",Using displacement instead of total distance when calculating average speed.,kinematics|graphs|speed,ready,simple-html,ENGAA,2016,P1,Part B Advanced Mathematics and Advanced Physics,22,21,ENGAA 2016 P1 Q22,yes,assets/question-images/ENGAA_2016_P1_Q22_velocity_time_graph.png,Velocity-time graph for an object travelling in a straight line over 30 seconds.,velocity-time graph,ready,solutions/ENGAA/2016/P1/ENGAA_2016_P1_Q22.md,
ENGAA_2016_P1_Q23,ENGAA_2016_P1_Q23,maths1,PROB-TABLES,Probability Tables,3,"During summer activities week 120 students each chose one activity from swimming, archery, and tennis.

46 of the students were girls.

36 of the students chose tennis, and \(\frac{2}{3}\) of these were boys; 25 girls chose swimming, and 27 students chose archery.

A boy is picked at random. What is the probability that he chose swimming?","\(\frac{3}{20}\)","\(\frac{9}{37}\)","\(\frac{4}{15}\)","\(\frac{16}{37}\)","\(\frac{32}{57}\)",,,,D,3,"Of the 36 tennis students, 24 are boys and 12 are girls. There are 74 boys in total. Girls in archery are \(46-25-12=9\), so boys in archery are \(27-9=18\). Boys in swimming are \(74-24-18=32\), giving probability \(\frac{32}{74}=\frac{16}{37}\).",Answer key gives D.,"Build the two-way table by gender and activity, then divide boys who swim by total boys.",Using all 120 students as the denominator after the question has selected a boy.,probability|tables|fractions,ready,simple-html,ENGAA,2016,P1,Part B Advanced Mathematics and Advanced Physics,23,22,ENGAA 2016 P1 Q23,no,,,,not-needed,solutions/ENGAA/2016/P1/ENGAA_2016_P1_Q23.md,
ENGAA_2016_P1_Q24,ENGAA_2016_P1_Q24,physics,DENSITY-MIXTURES,Density and Mixtures,4,"Bronze is a mixture of tin and copper.

A particular sample of bronze contains \(10\%\) tin by volume. In other words, \(10\%\) of the total volume of the sample is tin and \(90\%\) of it is copper.

What percentage of the mass of the sample is tin?

(Density of tin \(=Y\) and density of copper \(=X\).)","\(\frac{X}{9X-Y}\times100\)","\(\frac{X}{9Y-X}\times100\)","\(\frac{Y}{9X-Y}\times100\)","\(\frac{Y}{9Y-X}\times100\)","\(\frac{X}{9X+Y}\times100\)","\(\frac{X}{9Y+X}\times100\)","\(\frac{Y}{9X+Y}\times100\)","\(\frac{Y}{9Y+X}\times100\)",G,6,"Let the total volume be \(V\). The tin mass is \(0.1VY\) and the copper mass is \(0.9VX\). The tin percentage by mass is \(\frac{0.1VY}{0.1VY+0.9VX}\times100=\frac{Y}{Y+9X}\times100\).",Answer key gives G.,"Write masses as density times volume, then divide tin mass by total mass.",Using the volume percentage directly as a mass percentage.,density|mass|volume|algebra,ready,simple-html,ENGAA,2016,P1,Part B Advanced Mathematics and Advanced Physics,24,23,ENGAA 2016 P1 Q24,no,,,,not-needed,solutions/ENGAA/2016/P1/ENGAA_2016_P1_Q24.md,
ENGAA_2016_P1_Q25,ENGAA_2016_P1_Q25,maths1,INDICES,Indices,3,"Which one of the following expressions is equivalent to

\[\frac{9^{2n+1}\times 3^{4-3n}}{27^{2-n}}\]","\(3^{9}\)","\(3^{-2n}\)","\(3^{2-2n}\)","\(3^{4n}\)","\(3^{6n-2}\)","\(3^{6}\)",,,D,3,"Rewrite all terms as powers of 3: \(9^{2n+1}=3^{4n+2}\) and \(27^{2-n}=3^{6-3n}\). The overall exponent is \((4n+2)+(4-3n)-(6-3n)=4n\), so the expression is \(3^{4n}\).",Answer key gives D.,"Convert every base to 3, then add exponents in the numerator and subtract the denominator exponent.",Forgetting to subtract the whole denominator exponent \((6-3n)\).,indices|powers|algebra,ready,simple-html,ENGAA,2016,P1,Part B Advanced Mathematics and Advanced Physics,25,23,ENGAA 2016 P1 Q25,no,,,,not-needed,solutions/ENGAA/2016/P1/ENGAA_2016_P1_Q25.md,
ENGAA_2016_P1_Q26,ENGAA_2016_P1_Q26,physics,NUC-DECAY,Alpha Decay,4,"When a stationary uranium-238 nucleus decays by alpha emission it forms a nucleus of thorium-234. The total kinetic energy produced by the decay is \(E\).

What is the kinetic energy of the alpha particle?","\(\frac{4E}{238}\)","\(\frac{4E}{234}\)","\(\frac{E}{2}\)","\(\frac{234E}{238}\)","\(E\)",,,,D,3,"The decay products have equal and opposite momenta. Since \(K=\frac{p^{2}}{2m}\), the lighter alpha particle has more kinetic energy, and the kinetic energies are inversely proportional to mass. The alpha particle receives \(\frac{234}{238}E\).",Answer key gives D.,"Use equal momentum after decay and the inverse relationship between kinetic energy and mass.",Sharing the energy in proportion to mass instead of inversely to mass.,nuclear physics|alpha decay|momentum|kinetic energy,ready,simple-html,ENGAA,2016,P1,Part B Advanced Mathematics and Advanced Physics,26,24,ENGAA 2016 P1 Q26,yes,assets/question-images/ENGAA_2016_P1_Q26_alpha_decay.png,Alpha decay diagram showing uranium-238 decaying into thorium-234 and an alpha particle.,alpha decay diagram,ready,solutions/ENGAA/2016/P1/ENGAA_2016_P1_Q26.md,
ENGAA_2016_P1_Q27,ENGAA_2016_P1_Q27,maths1,GEOM-POLYGONS,Regular Polygons,4,"In the diagram below, \(PQRS\) is part of a regular polygon.

The polygon has \(n\) sides.

The side \(PQ\) is extended to \(T\) such that \(PQT\) is a straight line.

The length of \(RQ\) is the same as the length of \(RT\).

Find an equation for \(n\) in terms of \(x\), where \(x\) is the size of angle \(\angle QRT\) in degrees.","\(n=\frac{180}{x-90}\)","\(n=\frac{180-x}{720}\)","\(n=\frac{360-x}{90}\)","\(n=\frac{360}{180-x}\)","\(n=\frac{720}{180-x}\)","\(n=\frac{720}{360-x}\)","\(n=\frac{360}{360-x}\)",,E,4,"In triangle \(QRT\), \(RQ=RT\), so the two base angles are equal. The angle at \(Q\) in the triangle is the exterior angle of the regular polygon, so it is \(\frac{360}{n}\). Therefore \(x+2\cdot\frac{360}{n}=180\), giving \(n=\frac{720}{180-x}\).",Answer key gives E.,"Use the regular polygon exterior angle \(\frac{360}{n}\) and the isosceles triangle angle sum.",Using the interior angle of the polygon where the exterior angle at \(Q\) is needed.,geometry|polygons|angles,ready,simple-html,ENGAA,2016,P1,Part B Advanced Mathematics and Advanced Physics,27,25,ENGAA 2016 P1 Q27,yes,assets/question-images/ENGAA_2016_P1_Q27_polygon_angle.png,"Regular polygon segment labelled P, Q, R, S and T, with equal lengths RQ and RT and angle x at R.",regular polygon angle diagram,ready,solutions/ENGAA/2016/P1/ENGAA_2016_P1_Q27.md,
ENGAA_2016_P1_Q28,ENGAA_2016_P1_Q28,physics,WAVES-ECHOES,Sound and Echoes,4,"A student carries out an experiment to measure the speed of sound. A loudspeaker that emits sound in all directions is placed between two buildings that are \(128\text{ m}\) apart as shown. The student and loudspeaker are \(48\text{ m}\) from one of the buildings.

The loudspeaker is connected to a signal generator that causes it to emit regular clicks. The student notices that each click results in two echoes, one from each building. The rate at which the clicks are produced is gradually increased from zero until each echo coincides with a new click being emitted by the loudspeaker.

What is the frequency of emission of clicks when this happens?

(The speed of sound in air \(=320\text{ m s}^{-1}\).)","\(2.0\text{ Hz}\)","\(2.5\text{ Hz}\)","\(3.3\text{ Hz}\)","\(4.0\text{ Hz}\)","\(5.3\text{ Hz}\)","\(6.7\text{ Hz}\)","\(10\text{ Hz}\)",,G,6,"The echo from the nearer building travels \(2\times48=96\text{ m}\), taking \(0.30\text{ s}\). The echo from the farther building travels \(2\times80=160\text{ m}\), taking \(0.50\text{ s}\). The first click interval that makes both echoes coincide with emitted clicks is \(0.10\text{ s}\), giving frequency \(10\text{ Hz}\).",Answer key gives G.,"Find both echo times and choose the highest frequency whose period divides both times.",Using only one echo path or using one-way distance instead of the out-and-back echo distance.,waves|sound|echoes|frequency,ready,simple-html,ENGAA,2016,P1,Part B Advanced Mathematics and Advanced Physics,28,26,ENGAA 2016 P1 Q28,yes,assets/question-images/ENGAA_2016_P1_Q28_echo_buildings.png,"Two buildings with a student and loudspeaker between them, showing the 128 m separation and 48 m distance.",sound echo setup diagram,ready,solutions/ENGAA/2016/P1/ENGAA_2016_P1_Q28.md,
ENGAA_2016_P1_Q29,ENGAA_2016_P1_Q29,maths2,ALG-SIMULTANEOUS,Algebraic Conditions,4,"When \(x=2\) is substituted in the expression \(x^{3}+px^{2}+qx+p^{2}\) the result is \(0\).

When \(x=1\) is substituted into the same expression, the result is \(-3.5\).

Find all possible value(s) of \(p\).","\(p=-1\pm\frac{\sqrt{6}}{3}\)","\(p=1\) or \(p=-3\)","\(p=1\)","\(p=1\pm\sqrt{7}\)","there are no values for \(p\)",,,,C,2,"Substituting \(x=2\) gives \(8+4p+2q+p^{2}=0\). Substituting \(x=1\) gives \(1+p+q+p^{2}=-3.5\). Eliminating \(q\) gives \(p=1\).",Answer key gives C.,"Write the two substitution equations, eliminate \(q\), and solve the resulting equation for \(p\).",Forgetting that \(p^{2}\) appears in both substituted equations.,algebra|simultaneous equations|quadratics,ready,simple-html,ENGAA,2016,P1,Part B Advanced Mathematics and Advanced Physics,29,28,ENGAA 2016 P1 Q29,no,,,,not-needed,solutions/ENGAA/2016/P1/ENGAA_2016_P1_Q29.md,
ENGAA_2016_P1_Q31,ENGAA_2016_P1_Q31,maths2,COORD-CIRCLES,Circle Equations,4,"A square \(PQRS\) is drawn above the \(x\)-axis with the side \(PQ\) on the \(x\)-axis.

\(P\) is the point \((-5,0)\) and \(Q\) is the point \((1,0)\).

A circle is drawn inside the square with diameter equal in length to the side of the square.

Which one of the following is an equation of the circle?",\(x^{2}+y^{2}-4x+6y+4=0\),\(x^{2}+y^{2}-4x+6y+9=0\),\(x^{2}+y^{2}+4x-6y+4=0\),\(x^{2}+y^{2}+4x-6y+9=0\),\(x^{2}+y^{2}-6x-4y+9=0\),\(x^{2}+y^{2}-6x+4y+4=0\),\(x^{2}+y^{2}+6x-4y+4=0\),\(x^{2}+y^{2}+6x+4y+9=0\),C,2,"The side length of the square is \(1-(-5)=6\), so the circle has radius \(3\). Since the square is above the \(x\)-axis, the circle centre is \((-2,3)\). Therefore \((x+2)^{2}+(y-3)^{2}=9\), which expands to \(x^{2}+y^{2}+4x-6y+4=0\).",Answer key gives C.,Find the circle centre from the midpoint of the square and use radius \(3\).,"Using the side length as the radius, or placing the centre below the \(x\)-axis.",coordinate geometry|circles|equations,ready,simple-html,ENGAA,2016,P1,Part B Advanced Mathematics and Advanced Physics,31,30,ENGAA 2016 P1 Q31,no,,,,not-needed,solutions/ENGAA/2016/P1/ENGAA_2016_P1_Q31.md,ESAT-eligible; Q30 was skipped as crossed out.
ENGAA_2016_P1_Q33,ENGAA_2016_P1_Q33,maths2,SEQ-GEOMETRIC,Geometric Series,4,"The first term of a convergent geometric series is \(8\).

The fifth term is \(2\).

The sixth term is real and positive.

What is the sum to infinity of this series?

(The sum to infinity of a convergent geometric series is given by \(\frac{a}{1-r}\), where \(a\) is the first term and \(r\) is the common ratio.)",\(8(1+\sqrt{2})\),\(8(1-\sqrt{2})\),\(8(2+\sqrt{2})\),\(8(2-\sqrt{2})\),\(16\),\(\frac{8\sqrt[5]{4}}{\sqrt[5]{4}-1}\),\(\frac{8\sqrt[5]{4}}{\sqrt[5]{4}+1}\),,C,2,"The fifth term gives \(8r^{4}=2\), so \(r^{4}=\frac{1}{4}\) and \(r=\pm\frac{1}{\sqrt{2}}\). The sixth term is positive, so \(r=\frac{1}{\sqrt{2}}\). The sum is \(\frac{8}{1-1/\sqrt{2}}=8(2+\sqrt{2})\).",Answer key gives C.,"Use the fifth term to find \(r^{4}\), then use the positive sixth term to choose the positive ratio.",Choosing the negative ratio or simplifying \(\frac{1}{1-1/\sqrt{2}}\) incorrectly.,sequences|geometric series|surds,ready,simple-html,ENGAA,2016,P1,Part B Advanced Mathematics and Advanced Physics,33,32,ENGAA 2016 P1 Q33,no,,,,not-needed,solutions/ENGAA/2016/P1/ENGAA_2016_P1_Q33.md,ESAT-eligible; Q32 was skipped as crossed out.
ENGAA_2016_P1_Q35,ENGAA_2016_P1_Q35,maths2,GEOM-CIRCLES,Circle Geometry,4,"Tangents are drawn from a point \(P\) to a circle of radius \(10\text{ cm}\).

The centre of the circle is \(C\) and the distance \(PC\) is \(20\text{ cm}\).

Which one of the following is an expression for the shaded area in square centimetres?",\(\frac{100}{3}(3\sqrt{3}-\pi)\),\(\frac{100}{3}(3\sqrt{5}-\pi)\),\(\frac{50}{3}(6\sqrt{3}-\pi)\),\(\frac{50}{3}(6\sqrt{5}-\pi)\),\(\frac{50}{3}(\sqrt{3}-2\pi)\),\(\frac{50}{3}(2\pi-\sqrt{3})\),,,A,0,"The radius to each tangent is perpendicular to the tangent, so each half of the shaded triangle has hypotenuse \(20\) and radius \(10\). This gives a \(30^{\circ}\)-\(60^{\circ}\)-\(90^{\circ}\) triangle and a total angle of \(60^{\circ}\) at the centre. Subtracting the \(120^{\circ}\) sector from the isosceles triangle area gives \(100\sqrt{3}-\frac{100\pi}{3}=\frac{100}{3}(3\sqrt{3}-\pi)\).",Answer key gives A.,"Use the right triangle from radius to tangent, then subtract the relevant sector from the triangle.",Subtracting the wrong sector angle or forgetting that there are two congruent tangent triangles.,circle geometry|tangents|area|sectors,ready,simple-html,ENGAA,2016,P1,Part B Advanced Mathematics and Advanced Physics,35,34,ENGAA 2016 P1 Q35,yes,assets/question-images/ENGAA_2016_P1_Q35_tangents_circle.png,"Circle with centre C, external point P, two tangents from P, and the shaded region between the tangents and the circle.",circle tangent diagram,ready,solutions/ENGAA/2016/P1/ENGAA_2016_P1_Q35.md,ESAT-eligible; Q34 was skipped as crossed out. Uses uploaded manually checked diagram-only crop.
ENGAA_2016_P1_Q37,ENGAA_2016_P1_Q37,maths2,TRIG-EQUATIONS,Trigonometric Equations,4,"Given that \(7\cos\theta-3\tan\theta\sin\theta=1\), which one of the following is true?",\(\cos\theta=-\frac{3}{5}\) or \(-\frac{1}{2}\),\(\cos\theta=-\frac{3}{5}\) or \(\frac{1}{2}\),\(\cos\theta=\frac{3}{5}\) or \(\frac{1}{2}\),\(\cos\theta=\frac{3}{5}\) or \(-\frac{1}{2}\),,,,,D,3,"Use \(\tan\theta\sin\theta=\frac{\sin^{2}\theta}{\cos\theta}=\frac{1-\cos^{2}\theta}{\cos\theta}\). Multiplying through by \(\cos\theta\) gives \(10\cos^{2}\theta-\cos\theta-3=0\), so \((5\cos\theta-3)(2\cos\theta+1)=0\). Hence \(\cos\theta=\frac{3}{5}\) or \(\cos\theta=-\frac{1}{2}\).",Answer key gives D.,Convert everything to \(\cos\theta\) and factor the resulting quadratic.,Treating \(\tan\theta\sin\theta\) as \(\sin\theta\) or losing a sign when using \(1-\cos^{2}\theta\).,trigonometry|identities|quadratics,ready,simple-html,ENGAA,2016,P1,Part B Advanced Mathematics and Advanced Physics,37,35,ENGAA 2016 P1 Q37,no,,,,not-needed,solutions/ENGAA/2016/P1/ENGAA_2016_P1_Q37.md,ESAT-eligible; Q36 was skipped as crossed out.
ENGAA_2016_P1_Q39,ENGAA_2016_P1_Q39,maths2,ALG-DISCRIMINANT,Quadratic Discriminants,4,The complete set of values of \(a\) for which the equation \(3x^{2}=(a+2)x-3\) has two real distinct roots is,no values of \(a\),\(-4\sqrt{2}<a<4\sqrt{2}\),"\(a<-4\sqrt{2},\ a>4\sqrt{2}\)",\(-4<a<8\),"\(a<-4,\ a>8\)",\(-8<a<4\),"\(a<-8,\ a>4\)",all values of \(a\),G,6,"Rewrite the equation as \(3x^{2}-(a+2)x+3=0\). For two real distinct roots the discriminant must be positive: \((a+2)^{2}-36>0\). Therefore \(|a+2|>6\), giving \(a<-8\) or \(a>4\).",Answer key gives G.,Use the discriminant condition \(b^{2}-4ac>0\).,"Using \(\ge 0\) instead of \(>0\), or forgetting to move all terms to one side before identifying \(b\).",quadratics|discriminant|inequalities,ready,simple-html,ENGAA,2016,P1,Part B Advanced Mathematics and Advanced Physics,39,36,ENGAA 2016 P1 Q39,no,,,,not-needed,solutions/ENGAA/2016/P1/ENGAA_2016_P1_Q39.md,ESAT-eligible; Q38 was skipped as crossed out.
ENGAA_2016_P1_Q41,ENGAA_2016_P1_Q41,maths2,COORD-LINES,Coordinate Geometry,4,"The straight line with equation \(y=mx+3\), where \(m>0\), \(m\ne1\), is perpendicular to the line with equation \(y=px+2\).

The lines cut the \(x\)-axis at the points L and M respectively. The length of LM is \(5\) units.

What is the value of \(m+p\) given that \(m>1\)?",\(-\frac{8}{3}\),\(-\frac{13}{6}\),\(-\frac{5}{6}\),\(\frac{5}{6}\),\(\frac{13}{6}\),\(\frac{8}{3}\),,,D,3,"Perpendicular gradients give \(p=-\frac{1}{m}\). The \(x\)-intercepts are \(-\frac{3}{m}\) and \(-\frac{2}{p}=2m\), so their distance is \(2m+\frac{3}{m}=5\). This gives \(2m^{2}-5m+3=0\), so \(m=1\) or \(m=\frac{3}{2}\). Since \(m>1\) and \(m\ne1\), \(m=\frac{3}{2}\), \(p=-\frac{2}{3}\), and \(m+p=\frac{5}{6}\).",Answer key gives D.,Use perpendicular gradients and the two \(x\)-intercepts to form the distance equation.,"Keeping the invalid root \(m=1\), or using signed displacement instead of distance.",coordinate geometry|straight lines|gradients,ready,simple-html,ENGAA,2016,P1,Part B Advanced Mathematics and Advanced Physics,41,38,ENGAA 2016 P1 Q41,yes,assets/question-images/ENGAA_2016_P1_Q41_line_intercepts.png,"Two perpendicular straight lines crossing the y-axis at 3 and 2 and the x-axis at L and M, with LM marked as 5 units.",coordinate line diagram,ready,solutions/ENGAA/2016/P1/ENGAA_2016_P1_Q41.md,ESAT-eligible; Q40 was skipped as crossed out. Uses uploaded manually checked diagram-only crop.
ENGAA_2016_P1_Q43,ENGAA_2016_P1_Q43,maths2,CALC-DERIVATIVES,Increasing Functions,4,"\(f(x)=x^{3}-a^{2}x\) where \(a\) is a positive constant.

Find the complete set of values of \(x\) for which \(f(x)\) is an increasing function.","\(x\le -a,\ x\ge a\)",\(-a\le x\le a\),"\(x\le -a,\ 0\le x\le a\)","\(-a\le x\le 0,\ x\ge a\)","\(x\le -\frac{a}{3},\ x\ge \frac{a}{3}\)",\(-\frac{a}{3}\le x\le \frac{a}{3}\),"\(x\le -\frac{a}{\sqrt{3}},\ x\ge \frac{a}{\sqrt{3}}\)",\(-\frac{a}{\sqrt{3}}\le x\le \frac{a}{\sqrt{3}}\),G,6,"Differentiate to get \(f'(x)=3x^{2}-a^{2}\). The function is increasing where \(f'(x)\ge0\), so \(3x^{2}\ge a^{2}\). Since \(a>0\), this gives \(x\le -\frac{a}{\sqrt{3}}\) or \(x\ge \frac{a}{\sqrt{3}}\).",Answer key gives G.,Differentiate and solve \(3x^{2}-a^{2}\ge0\).,"Solving for where the derivative is negative, or missing the two outside intervals.",calculus|derivatives|inequalities,ready,simple-html,ENGAA,2016,P1,Part B Advanced Mathematics and Advanced Physics,43,40,ENGAA 2016 P1 Q43,no,,,,not-needed,solutions/ENGAA/2016/P1/ENGAA_2016_P1_Q43.md,ESAT-eligible; Q42 was skipped as crossed out.
ENGAA_2016_P1_Q45,ENGAA_2016_P1_Q45,maths2,GRAPH-TRANSFORM,Graph Transformations,4,"The curve \(y=x^{2}\) is translated by the vector \(\begin{pmatrix}4\\3\end{pmatrix}\) and then reflected in the line \(y=-1\).

Which one of the following is an equation of the resulting curve?",\(y=-3-(x-4)^{2}\),\(y=-3+(x+4)^{2}\),\(y=3-(x+4)^{2}\),\(y=3+(x-4)^{2}\),\(y=-5-(x-4)^{2}\),\(y=-5+(x+4)^{2}\),\(y=5-(x+4)^{2}\),\(y=5+(x-4)^{2}\),E,4,"After the translation by \(\begin{pmatrix}4\\3\end{pmatrix}\), the curve is \(y=(x-4)^{2}+3\). Reflecting in \(y=-1\) maps a \(y\)-value to \(-2-y\), so the resulting curve is \(y=-2-[(x-4)^{2}+3]=-5-(x-4)^{2}\).",Answer key gives E.,"Track the vertex: \((0,0)\to(4,3)\), then reflect it across \(y=-1\) to \((4,-5)\) and flip the parabola downward.","Reflecting in the \(x\)-axis instead of in \(y=-1\), or using \(x+4\) after translating right.",graphs|transformations|quadratics,ready,simple-html,ENGAA,2016,P1,Part B Advanced Mathematics and Advanced Physics,45,41,ENGAA 2016 P1 Q45,no,,,,not-needed,solutions/ENGAA/2016/P1/ENGAA_2016_P1_Q45.md,ESAT-eligible; Q44 was skipped as crossed out.
ENGAA_2016_P1_Q47,ENGAA_2016_P1_Q47,maths2,ALG-INEQ,Polynomial Inequalities,4,The complete set of values of \(x\) for which \(2x^{4}-9x^{2}+4>0\) is,"\(x<\frac{1}{2},\ x>4\)",\(\frac{1}{2}<x<4\),"\(x<-2,\ -\frac{1}{\sqrt{2}}<x<\frac{1}{\sqrt{2}},\ x>2\)","\(-2<x<-\frac{1}{\sqrt{2}},\ \frac{1}{\sqrt{2}}<x<2\)",\(-2<x<2\),,,,C,2,"Let \(u=x^{2}\). Then \(2u^{2}-9u+4=(2u-1)(u-4)>0\), so \(u<\frac{1}{2}\) or \(u>4\). Returning to \(x\), this gives \(-\frac{1}{\sqrt{2}}<x<\frac{1}{\sqrt{2}}\), or \(x<-2\), or \(x>2\).",Answer key gives C.,"Substitute \(u=x^{2}\), solve the quadratic inequality, then convert back to intervals in \(x\).","Forgetting that \(x^{2}<\frac{1}{2}\) gives a middle interval, not two outside intervals.",inequalities|polynomials|quadratics,ready,simple-html,ENGAA,2016,P1,Part B Advanced Mathematics and Advanced Physics,47,42,ENGAA 2016 P1 Q47,no,,,,not-needed,solutions/ENGAA/2016/P1/ENGAA_2016_P1_Q47.md,ESAT-eligible; Q46 was skipped as crossed out.
ENGAA_2016_P1_Q49,ENGAA_2016_P1_Q49,maths2,CALC-CURVES,Curve Optimisation,4,"A cursor starts at the point \((0,10)\) and moves parallel to the \(x\)-axis in the negative direction.

What is the minimum distance parallel to the \(y\)-axis between the cursor and the graph of \(y=4x^{3}-12x^{2}-36x-15\)?",\(0\),\(5\),\(25\),\(69\),\(133\),,,,B,1,"The cursor has \(y\)-coordinate \(10\) and moves with \(x\le0\). For the graph, \(y'=12x^{2}-24x-36=12(x-3)(x+1)\), so the maximum value on \(x\le0\) occurs at \(x=-1\). The graph value there is \(5\), so the smallest vertical distance from the cursor to the graph is \(10-5=5\).",Answer key gives B.,"Maximise the curve for \(x\le0\), then subtract the maximum graph value from the cursor's height \(10\).","Looking for a root where the graph reaches \(y=10\), or minimising the cubic over all real \(x\) instead of only the cursor's negative-direction path.",calculus|cubics|optimisation,ready,simple-html,ENGAA,2016,P1,Part B Advanced Mathematics and Advanced Physics,49,43,ENGAA 2016 P1 Q49,no,,,,not-needed,solutions/ENGAA/2016/P1/ENGAA_2016_P1_Q49.md,ESAT-eligible; Q48 and Q50 were skipped as crossed out.
